"world","policy","ticks","correct_choice_rate","correct_ci_low","correct_ci_high","b_share","truth_mass","post_regret","n_runs"
"B-bad","No Deference",0,0,0,0,0,0.5,0,200
"B-bad","No Deference",5,0.5055,0.482077154175193,0.528922845824807,0.4945,0.535705091944473,0,200
"B-bad","No Deference",10,0.5715,0.549602947537793,0.593397052462207,0.4285,0.563277775527802,0,200
"B-bad","No Deference",15,0.572,0.547373370461794,0.596626629538206,0.428,0.593586744307876,0,200
"B-bad","No Deference",20,0.6165,0.595256264369994,0.637743735630006,0.3835,0.610837011603697,0,200
"B-bad","No Deference",25,0.608,0.584324567193123,0.631675432806877,0.392,0.62584040228883,0,200
"B-bad","No Deference",26,0.622,0.596525682891178,0.647474317108822,0.378,0.627043263571201,0.0189,200
"B-bad","No Deference",30,0.6335,0.6088296095934,0.6581703904066,0.3665,0.637724023206785,0.092325,200
"B-bad","No Deference",35,0.653,0.630991597584458,0.675008402415542,0.347,0.656661075667395,0.180925,200
"B-bad","No Deference",40,0.6575,0.633297280978365,0.681702719021635,0.3425,0.671858220067749,0.265525,200
"B-bad","No Deference",45,0.664,0.638644175795184,0.689355824204816,0.336,0.688690919854929,0.34815,200
"B-bad","No Deference",50,0.691,0.664630896867735,0.717369103132264,0.309,0.700324055944262,0.4261,200
"B-bad","No Deference",55,0.711,0.687185139726439,0.734814860273561,0.289,0.713000057653696,0.49875,200
"B-bad","No Deference",60,0.721,0.696831103671273,0.745168896328727,0.279,0.724368551429672,0.56835,200
"B-bad","No Deference",65,0.74,0.717169710677419,0.762830289322581,0.26,0.738158009369899,0.636,200
"B-bad","No Deference",70,0.747,0.723963059422836,0.770036940577164,0.253,0.747541902167809,0.70025,200
"B-bad","No Deference",75,0.7575,0.736045578286626,0.778954421713374,0.2425,0.755768312762045,0.761975,200
"B-bad","No Deference",80,0.7565,0.736385841832332,0.776614158167668,0.2435,0.766002352338707,0.82265,200
"B-bad","No Deference",85,0.7645,0.744806776973643,0.784193223026357,0.2355,0.773065695455893,0.88015,200
"B-bad","No Deference",90,0.771,0.749181883144607,0.792818116855393,0.229,0.781260808397062,0.937575,200
"B-bad","No Deference",95,0.7835,0.760552583114683,0.806447416885317,0.2165,0.789851290523135,0.991725,200
"B-bad","No Deference",100,0.777,0.756452269856007,0.797547730143993,0.223,0.795277193815832,1.044025,200
"B-bad","No Deference",105,0.8055,0.783921764221872,0.827078235778128,0.1945,0.801040173748245,1.0954,200
"B-bad","No Deference",110,0.809,0.787828516571748,0.830171483428252,0.191,0.809965363266588,1.144875,200
"B-bad","No Deference",115,0.8155,0.79584602657586,0.83515397342414,0.1845,0.818203358544966,1.19265,200
"B-bad","No Deference",120,0.83,0.811725202020103,0.848274797979896,0.17,0.822858859569117,1.237375,200
"B-bad","No Deference",125,0.8215,0.801906033591996,0.841093966408004,0.1785,0.828043968622198,1.280875,200
"B-bad","No Deference",130,0.835,0.817660220886687,0.852339779113313,0.165,0.830824485724617,1.3239,200
"B-bad","No Deference",135,0.836,0.819557964399948,0.852442035600052,0.164,0.837356780809654,1.3653,200
"B-bad","No Deference",140,0.8385,0.820295186952609,0.856704813047391,0.1615,0.844462509353937,1.4043,200
"B-bad","No Deference",145,0.8465,0.828021537676277,0.864978462323723,0.1535,0.849020021153615,1.443525,200
"B-bad","No Deference",150,0.846,0.828379161719471,0.863620838280529,0.154,0.851513340624173,1.4799,200
"B-bad","No Deference",155,0.85,0.832315733932909,0.867684266067091,0.15,0.85513211272101,1.518825,200
"B-bad","No Deference",160,0.869,0.852420582112528,0.885579417887472,0.131,0.859258414013131,1.5543,200
"B-bad","No Deference",165,0.856,0.838335394045788,0.873664605954212,0.144,0.859755624775207,1.58965,200
"B-bad","No Deference",170,0.8715,0.855096902425144,0.887903097574856,0.1285,0.863642541852149,1.62305,200
"B-bad","No Deference",175,0.858,0.840849964824157,0.875150035175843,0.142,0.867616571855854,1.65675,200
"B-bad","No Deference",180,0.8685,0.852262501925525,0.884737498074475,0.1315,0.871987403715579,1.690475,200
"B-bad","No Deference",185,0.861,0.843164102822098,0.878835897177902,0.139,0.873205514978919,1.7229,200
"B-bad","No Deference",190,0.8775,0.862252087217553,0.892747912782447,0.1225,0.876104852197094,1.753075,200
"B-bad","No Deference",195,0.8805,0.863500474201116,0.897499525798884,0.1195,0.879868658819329,1.784,200
"B-bad","No Deference",200,0.886,0.870588223780785,0.901411776219215,0.114,0.88254875566507,1.813025,200
"B-bad","No Deference",205,0.8885,0.87480341193497,0.90219658806503,0.1115,0.886706514742225,1.8423,200
"B-bad","No Deference",210,0.894,0.879652058365545,0.908347941634455,0.106,0.888800666466172,1.87045,200
"B-bad","No Deference",215,0.8915,0.876293924052253,0.906706075947747,0.1085,0.887990864928234,1.899975,200
"B-bad","No Deference",220,0.898,0.882909733311047,0.913090266688953,0.102,0.889410738245632,1.927125,200
"B-bad","No Deference",225,0.893,0.878394032746956,0.907605967253044,0.107,0.89327538658238,1.95545,200
"B-bad","No Deference",230,0.897,0.881849089849387,0.912150910150613,0.103,0.894597293064856,1.981675,200
"B-bad","No Deference",235,0.8915,0.876104672705247,0.906895327294753,0.1085,0.89763663186982,2.007975,200
"B-bad","No Deference",240,0.911,0.897330747117276,0.924669252882724,0.089,0.898953098909875,2.03295,200
"B-bad","No Deference",245,0.8915,0.877142811336071,0.905857188663929,0.1085,0.902076207100329,2.05825,200
"B-bad","No Deference",250,0.905,0.89091618056601,0.91908381943399,0.095,0.902762347843451,2.082425,200
"B-bad","No Deference",255,0.9105,0.896303719150786,0.924696280849214,0.0895,0.905415291308423,2.106075,200
"B-bad","No Deference",260,0.9045,0.889581008090424,0.919418991909576,0.0955,0.907413495523053,2.12935,200
"B-bad","No Deference",265,0.9125,0.897669258126357,0.927330741873643,0.0875,0.907683039412977,2.15335,200
"B-bad","No Deference",270,0.912,0.898136529037226,0.925863470962774,0.088,0.909571317043506,2.175825,200
"B-bad","No Deference",275,0.916,0.901937442279292,0.930062557720708,0.084,0.911986447917315,2.198425,200
"B-bad","No Deference",280,0.9095,0.895495389201478,0.923504610798522,0.0905,0.914295899359255,2.21955,200
"B-bad","No Deference",285,0.9105,0.897811623726327,0.923188376273673,0.0895,0.915874802176945,2.241675,200
"B-bad","No Deference",290,0.9155,0.901256204630343,0.929743795369657,0.0845,0.91855273632311,2.262625,200
"B-bad","No Deference",295,0.9165,0.902277905857116,0.930722094142884,0.0835,0.920064626248673,2.282025,200
"B-bad","No Deference",300,0.9285,0.917095218229349,0.939904781770651,0.0715,0.922859864408594,2.301425,200
"B-bad","No Deference",305,0.9175,0.905194722707463,0.929805277292537,0.0825,0.923856377792481,2.3209,200
"B-bad","No Deference",310,0.921,0.907703003248362,0.934296996751638,0.079,0.924547938531364,2.339775,200
"B-bad","No Deference",315,0.9245,0.911728218998521,0.937271781001479,0.0755,0.926920369446508,2.358125,200
"B-bad","No Deference",320,0.9225,0.9086450605655,0.9363549394345,0.0775,0.92843711883618,2.3771,200
"B-bad","No Deference",325,0.9315,0.920078304080022,0.942921695919978,0.0685,0.930038537717349,2.39525,200
"B-bad","No Deference",330,0.9295,0.91789221202345,0.94110778797655,0.0705,0.930405828278198,2.413025,200
"B-bad","No Deference",335,0.938,0.926495574458706,0.949504425541294,0.062,0.931878966458662,2.429575,200
"B-bad","No Deference",340,0.9265,0.912923742939275,0.940076257060725,0.0735,0.932582201902409,2.44705,200
"B-bad","No Deference",345,0.932,0.919986648633488,0.944013351366512,0.068,0.934155818860181,2.464775,200
"B-bad","No Deference",350,0.932,0.921080992185263,0.942919007814737,0.068,0.935236899315878,2.481625,200
"B-bad","No Deference",355,0.9245,0.912347849085067,0.936652150914933,0.0755,0.935707461059038,2.49805,200
"B-bad","No Deference",360,0.9315,0.919501320759451,0.943498679240549,0.0685,0.936323032799415,2.513525,200
"B-bad","No Deference",365,0.9425,0.931970026032378,0.953029973967622,0.0575,0.937269946592424,2.529425,200
"B-bad","No Deference",370,0.938,0.926411977765965,0.949588022234035,0.062,0.938156967369861,2.54435,200
"B-bad","No Deference",375,0.935,0.923313276871277,0.946686723128723,0.065,0.939399580042065,2.56035,200
"B-bad","No Deference",380,0.9455,0.93589423131864,0.95510576868136,0.0545,0.940611329609144,2.57445,200
"B-bad","No Deference",385,0.942,0.930681660366454,0.953318339633546,0.058,0.9416095283903,2.589525,200
"B-bad","No Deference",390,0.931,0.920474381002697,0.941525618997303,0.069,0.942029811247144,2.6054,200
"B-bad","No Deference",395,0.9485,0.937829796241814,0.959170203758186,0.0515,0.942279411926827,2.619725,200
"B-bad","No Deference",400,0.941,0.929868255722787,0.952131744277213,0.059,0.943361907833821,2.634275,200
"B-bad","No Deference",405,0.9475,0.936653943819371,0.958346056180629,0.0525,0.944827347710744,2.647975,200
"B-bad","No Deference",410,0.9405,0.929818946563538,0.951181053436462,0.0595,0.94610170271911,2.66155,200
"B-bad","No Deference",415,0.9525,0.941653943819371,0.963346056180629,0.0475,0.946665957948792,2.674725,200
"B-bad","No Deference",420,0.937,0.925685925161674,0.948314074838326,0.063,0.947052235552125,2.68885,200
"B-bad","No Deference",425,0.945,0.934170642915003,0.955829357084997,0.055,0.947939219615801,2.70215,200
"B-bad","No Deference",430,0.961,0.951496008138338,0.970503991861662,0.039,0.94888550184466,2.7147,200
"B-bad","No Deference",435,0.9455,0.934229732360617,0.956770267639383,0.0545,0.949147621602441,2.7271,200
"B-bad","No Deference",440,0.942,0.930767263921956,0.953232736078044,0.058,0.950160263473905,2.740325,200
"B-bad","No Deference",445,0.9575,0.948448836105826,0.966551163894174,0.0425,0.950113706858465,2.752175,200
"B-bad","No Deference",450,0.9505,0.940196114895768,0.960803885104232,0.0495,0.949896885914704,2.764975,200
"B-bad","No Deference",455,0.953,0.942989516650809,0.963010483349191,0.047,0.950443276500848,2.77745,200
"B-bad","No Deference",460,0.9525,0.942880173843755,0.962119826156245,0.0475,0.9501901608612,2.78925,200
"B-bad","No Deference",465,0.953,0.943585805222082,0.962414194777918,0.047,0.950840578123587,2.80135,200
"B-bad","No Deference",470,0.9455,0.934937078312661,0.956062921687339,0.0545,0.951303768121722,2.813525,200
"B-bad","No Deference",475,0.9475,0.937108432583732,0.957891567416268,0.0525,0.951223336688053,2.8261,200
"B-bad","No Deference",480,0.947,0.935805999094095,0.958194000905905,0.053,0.951028760265114,2.838475,200
"B-bad","No Deference",485,0.953,0.942798496120324,0.963201503879676,0.047,0.951225923435532,2.850075,200
"B-bad","No Deference",490,0.955,0.945602224148514,0.964397775851486,0.045,0.952011833690883,2.861775,200
"B-bad","No Deference",495,0.956,0.946410070608777,0.965589929391223,0.044,0.951940814580496,2.8741,200
"B-bad","No Deference",500,0.952,0.942278120412514,0.961721879587485,0.048,0.95270023893925,2.88585,200
"B-bad","E-Preemption",0,0,0,0,0,0.5,0,200
"B-bad","E-Preemption",5,0.5055,0.482077154175193,0.528922845824807,0.4945,0.535705091944473,0,200
"B-bad","E-Preemption",10,0.5715,0.549602947537793,0.593397052462207,0.4285,0.563277775527802,0,200
"B-bad","E-Preemption",15,0.572,0.547373370461794,0.596626629538206,0.428,0.593586744307876,0,200
"B-bad","E-Preemption",20,0.6165,0.595256264369994,0.637743735630006,0.3835,0.610837011603697,0,200
"B-bad","E-Preemption",25,0.608,0.584324567193123,0.631675432806877,0.392,0.62584040228883,0,200
"B-bad","E-Preemption",26,0.6775,0.641203815419863,0.713796184580137,0.3225,0.679099215754648,0.016125,200
"B-bad","E-Preemption",30,0.68,0.647802905964643,0.712197094035357,0.32,0.686705516950922,0.080175,200
"B-bad","E-Preemption",35,0.7005,0.667082013719627,0.733917986280373,0.2995,0.702835235903438,0.158575,200
"B-bad","E-Preemption",40,0.6975,0.665986557865319,0.729013442134681,0.3025,0.715316954078513,0.233075,200
"B-bad","E-Preemption",45,0.7185,0.687993810464104,0.749006189535896,0.2815,0.726913072762034,0.30415,200
"B-bad","E-Preemption",50,0.7285,0.697763703842077,0.759236296157923,0.2715,0.73648399237412,0.3719,200
"B-bad","E-Preemption",55,0.749,0.722274580786061,0.775725419213939,0.251,0.744368558605183,0.435775,200
"B-bad","E-Preemption",60,0.7595,0.731952659696643,0.787047340303357,0.2405,0.756254801777064,0.4981,200
"B-bad","E-Preemption",65,0.762,0.733540545494445,0.790459454505555,0.238,0.764469227102831,0.558975,200
"B-bad","E-Preemption",70,0.776,0.748552965725743,0.803447034274257,0.224,0.774624886175323,0.61615,200
"B-bad","E-Preemption",75,0.7925,0.766508893094157,0.818491106905843,0.2075,0.78186636163982,0.6719,200
"B-bad","E-Preemption",80,0.7735,0.748089513065839,0.798910486934161,0.2265,0.788646911538712,0.725575,200
"B-bad","E-Preemption",85,0.7925,0.768118477422112,0.816881522577888,0.2075,0.791948713991588,0.77675,200
"B-bad","E-Preemption",90,0.7905,0.765700055154868,0.815299944845132,0.2095,0.79842202954743,0.828925,200
"B-bad","E-Preemption",95,0.8045,0.780745708390919,0.828254291609081,0.1955,0.805327950537622,0.878475,200
"B-bad","E-Preemption",100,0.7995,0.776313233760543,0.822686766239457,0.2005,0.809984156889844,0.926575,200
"B-bad","E-Preemption",105,0.8095,0.786184543095764,0.832815456904236,0.1905,0.815568434270138,0.9745,200
"B-bad","E-Preemption",110,0.8245,0.80268597569724,0.84631402430276,0.1755,0.825124377237862,1.02045,200
"B-bad","E-Preemption",115,0.829,0.80981863152738,0.84818136847262,0.171,0.831099806278867,1.0641,200
"B-bad","E-Preemption",120,0.829,0.808646726289027,0.849353273710973,0.171,0.836224558164317,1.1063,200
"B-bad","E-Preemption",125,0.8345,0.814772497630244,0.854227502369756,0.1655,0.843209452106921,1.146225,200
"B-bad","E-Preemption",130,0.858,0.838779923394439,0.877220076605561,0.142,0.846125821892634,1.18535,200
"B-bad","E-Preemption",135,0.855,0.835860947866132,0.874139052133868,0.145,0.851420177589978,1.22295,200
"B-bad","E-Preemption",140,0.861,0.841960051729305,0.880039948270695,0.139,0.859979687401686,1.2584,200
"B-bad","E-Preemption",145,0.8475,0.827609749616923,0.867390250383077,0.1525,0.862223700830194,1.2946,200
"B-bad","E-Preemption",150,0.8635,0.84619211868024,0.88080788131976,0.1365,0.865283586838709,1.327825,200
"B-bad","E-Preemption",155,0.866,0.848621854191002,0.883378145808998,0.134,0.870264424397975,1.361775,200
"B-bad","E-Preemption",160,0.874,0.856139766752411,0.891860233247589,0.126,0.872012124965608,1.39465,200
"B-bad","E-Preemption",165,0.868,0.84973788257996,0.88626211742004,0.132,0.874857443442508,1.427225,200
"B-bad","E-Preemption",170,0.882,0.865053788671448,0.898946211328552,0.118,0.876149387152426,1.457925,200
"B-bad","E-Preemption",175,0.8745,0.85737037894208,0.89162962105792,0.1255,0.879234144957034,1.4879,200
"B-bad","E-Preemption",180,0.887,0.869028245276568,0.904971754723432,0.113,0.885582621329252,1.517775,200
"B-bad","E-Preemption",185,0.875,0.857004629294339,0.892995370705661,0.125,0.88543043234908,1.546025,200
"B-bad","E-Preemption",190,0.888,0.872431198314268,0.903568801685732,0.112,0.888627195739716,1.573375,200
"B-bad","E-Preemption",195,0.9,0.884158320986403,0.915841679013597,0.1,0.89008913495322,1.600175,200
"B-bad","E-Preemption",200,0.884,0.866128961358932,0.901871038641068,0.116,0.891996163510951,1.6278,200
"B-bad","E-Preemption",205,0.8965,0.880880597621763,0.912119402378237,0.1035,0.896248178152357,1.654725,200
"B-bad","E-Preemption",210,0.904,0.887687626178312,0.920312373821688,0.096,0.898015698397113,1.68015,200
"B-bad","E-Preemption",215,0.8955,0.878637295828966,0.912362704171034,0.1045,0.898391183679358,1.706625,200
"B-bad","E-Preemption",220,0.8985,0.881915488790431,0.915084511209568,0.1015,0.89963678256346,1.73145,200
"B-bad","E-Preemption",225,0.899,0.883528840512767,0.914471159487233,0.101,0.902578154052901,1.756225,200
"B-bad","E-Preemption",230,0.9045,0.88864020480846,0.92035979519154,0.0955,0.905169067214899,1.7805,200
"B-bad","E-Preemption",235,0.904,0.889175605056963,0.918824394943037,0.096,0.906366284478495,1.803375,200
"B-bad","E-Preemption",240,0.921,0.907204229327717,0.934795770672283,0.079,0.908426854620422,1.82565,200
"B-bad","E-Preemption",245,0.8975,0.881938794856193,0.913061205143807,0.1025,0.910231747048983,1.849125,200
"B-bad","E-Preemption",250,0.9105,0.895003437956247,0.925996562043753,0.0895,0.911607101828067,1.871625,200
"B-bad","E-Preemption",255,0.9195,0.904750181569979,0.934249818430021,0.0805,0.915200162695523,1.893725,200
"B-bad","E-Preemption",260,0.9165,0.902621394144133,0.930378605855867,0.0835,0.916366932794779,1.91455,200
"B-bad","E-Preemption",265,0.9185,0.90405567743813,0.93294432256187,0.0815,0.916198158531167,1.93575,200
"B-bad","E-Preemption",270,0.925,0.911691393950722,0.938308606049278,0.075,0.918599256654168,1.95565,200
"B-bad","E-Preemption",275,0.921,0.905805830528468,0.936194169471532,0.079,0.9202931579485,1.9759,200
"B-bad","E-Preemption",280,0.9245,0.911728218998521,0.937271781001479,0.0755,0.921840913720594,1.99485,200
"B-bad","E-Preemption",285,0.92,0.907265873019726,0.932734126980274,0.08,0.924214239932022,2.014275,200
"B-bad","E-Preemption",290,0.9285,0.913969066024131,0.943030933975869,0.0715,0.925873436067106,2.03295,200
"B-bad","E-Preemption",295,0.922,0.90844633491686,0.93555366508314,0.078,0.927596032023117,2.05105,200
"B-bad","E-Preemption",300,0.929,0.917000315247022,0.940999684752978,0.071,0.929001379761425,2.068775,200
"B-bad","E-Preemption",305,0.9175,0.904433846324978,0.930566153675022,0.0825,0.929483232971271,2.0874,200
"B-bad","E-Preemption",310,0.9265,0.912782286622709,0.940217713377291,0.0735,0.930559575749532,2.104825,200
"B-bad","E-Preemption",315,0.9305,0.917675425678306,0.943324574321694,0.0695,0.932494472778922,2.121825,200
"B-bad","E-Preemption",320,0.9275,0.91389107778628,0.94110892221372,0.0725,0.93424596237616,2.138575,200
"B-bad","E-Preemption",325,0.9365,0.923453067246615,0.949546932753385,0.0635,0.935371826048309,2.15505,200
"B-bad","E-Preemption",330,0.9325,0.920312950691235,0.944687049308765,0.0675,0.935477845435644,2.171525,200
"B-bad","E-Preemption",335,0.94,0.92905979706765,0.95094020293235,0.06,0.937516582313915,2.186725,200
"B-bad","E-Preemption",340,0.9325,0.92023400541678,0.94476599458322,0.0675,0.93959193474369,2.202225,200
"B-bad","E-Preemption",345,0.9375,0.926878756945625,0.948121243054375,0.0625,0.940961072760222,2.21825,200
"B-bad","E-Preemption",350,0.9445,0.934224256106597,0.954775743893403,0.0555,0.941742827908411,2.232575,200
"B-bad","E-Preemption",355,0.9315,0.920248589725469,0.942751410274531,0.0685,0.941234780647348,2.2476,200
"B-bad","E-Preemption",360,0.935,0.923479644408057,0.946520355591944,0.065,0.941691888064247,2.26175,200
"B-bad","E-Preemption",365,0.947,0.936335904036742,0.957664095963258,0.053,0.942547421876876,2.2764,200
"B-bad","E-Preemption",370,0.943,0.9309265394252,0.9550734605748,0.057,0.943410900352248,2.289875,200
"B-bad","E-Preemption",375,0.946,0.935710879434565,0.956289120565435,0.054,0.944472835191302,2.304525,200
"B-bad","E-Preemption",380,0.9435,0.933235534193566,0.953764465806434,0.0565,0.94539823918687,2.318225,200
"B-bad","E-Preemption",385,0.948,0.938683716746023,0.957316283253978,0.052,0.946264557622375,2.33255,200
"B-bad","E-Preemption",390,0.9445,0.934413870512422,0.954586129487578,0.0555,0.945912759713066,2.346775,200
"B-bad","E-Preemption",395,0.9495,0.939102860946274,0.959897139053726,0.0505,0.945915179570331,2.360375,200
"B-bad","E-Preemption",400,0.9465,0.935838846074881,0.957161153925119,0.0535,0.947200415650139,2.373775,200
"B-bad","E-Preemption",405,0.951,0.941176390248859,0.960823609751141,0.049,0.948098698213447,2.387025,200
"B-bad","E-Preemption",410,0.949,0.938328665552309,0.959671334447691,0.051,0.949193465414846,2.399875,200
"B-bad","E-Preemption",415,0.95,0.938971922540066,0.961028077459934,0.05,0.948898584833849,2.41245,200
"B-bad","E-Preemption",420,0.9475,0.937583729932061,0.957416270067939,0.0525,0.948934593052842,2.4253,200
"B-bad","E-Preemption",425,0.9515,0.940650384672081,0.962349615327919,0.0485,0.94887230308389,2.437825,200
"B-bad","E-Preemption",430,0.95,0.939327761086956,0.960672238913044,0.05,0.949560746898216,2.450475,200
"B-bad","E-Preemption",435,0.955,0.945602224148514,0.964397775851486,0.045,0.950359001630803,2.46255,200
"B-bad","E-Preemption",440,0.95,0.938971922540066,0.961028077459934,0.05,0.951272134460642,2.474925,200
"B-bad","E-Preemption",445,0.9555,0.945804217463506,0.965195782536494,0.0445,0.951844328221923,2.486775,200
"B-bad","E-Preemption",450,0.953,0.942798496120324,0.963201503879676,0.047,0.951755729989832,2.49895,200
"B-bad","E-Preemption",455,0.9565,0.947870282616994,0.965129717383006,0.0435,0.952811000031295,2.510525,200
"B-bad","E-Preemption",460,0.9545,0.945625450651968,0.963374549348032,0.0455,0.953096727698979,2.52215,200
"B-bad","E-Preemption",465,0.9555,0.946210953227066,0.964789046772934,0.0445,0.953716861806028,2.533475,200
"B-bad","E-Preemption",470,0.9455,0.935121444703127,0.955878555296873,0.0545,0.95437400325049,2.545425,200
"B-bad","E-Preemption",475,0.95,0.940274149867286,0.959725850132714,0.05,0.95459387902112,2.557325,200
"B-bad","E-Preemption",480,0.954,0.943805121396076,0.964194878603924,0.046,0.954456945199422,2.568475,200
"B-bad","E-Preemption",485,0.957,0.947835177149042,0.966164822850958,0.043,0.955094265735396,2.579325,200
"B-bad","E-Preemption",490,0.9545,0.944794267455719,0.964205732544281,0.0455,0.955871225709188,2.5906,200
"B-bad","E-Preemption",495,0.9545,0.945304947911264,0.963695052088736,0.0455,0.956239641643527,2.602625,200
"B-bad","E-Preemption",500,0.9555,0.946210953227066,0.964789046772934,0.0445,0.956782062377176,2.614125,200
"B-bad","E-Total Evidence",0,0,0,0,0,0.5,0,200
"B-bad","E-Total Evidence",5,0.5055,0.482077154175193,0.528922845824807,0.4945,0.535705091944473,0,200
"B-bad","E-Total Evidence",10,0.5715,0.549602947537793,0.593397052462207,0.4285,0.563277775527802,0,200
"B-bad","E-Total Evidence",15,0.572,0.547373370461794,0.596626629538206,0.428,0.593586744307876,0,200
"B-bad","E-Total Evidence",20,0.6165,0.595256264369994,0.637743735630006,0.3835,0.610837011603697,0,200
"B-bad","E-Total Evidence",25,0.608,0.584324567193123,0.631675432806877,0.392,0.62584040228883,0,200
"B-bad","E-Total Evidence",26,0.7325,0.699330177334234,0.765669822665766,0.2675,0.741982268740404,0.013375,200
"B-bad","E-Total Evidence",30,0.7475,0.717348343962412,0.777651656037589,0.2525,0.747062691072923,0.06465,200
"B-bad","E-Total Evidence",35,0.7595,0.730451835560806,0.788548164439194,0.2405,0.758897409561791,0.128075,200
"B-bad","E-Total Evidence",40,0.7555,0.72772236614264,0.78327763385736,0.2445,0.767683465198205,0.188275,200
"B-bad","E-Total Evidence",45,0.7625,0.733841898459256,0.791158101540744,0.2375,0.775862237014434,0.246275,200
"B-bad","E-Total Evidence",50,0.775,0.745996645489456,0.804003354510544,0.225,0.784173967067612,0.301275,200
"B-bad","E-Total Evidence",55,0.7875,0.761250222781515,0.813749777218485,0.2125,0.792705886598603,0.35475,200
"B-bad","E-Total Evidence",60,0.801,0.775155906324859,0.826844093675141,0.199,0.80162531836916,0.404875,200
"B-bad","E-Total Evidence",65,0.805,0.779164871408357,0.830835128591643,0.195,0.809691300633745,0.454375,200
"B-bad","E-Total Evidence",70,0.819,0.794247096266982,0.843752903733019,0.181,0.817624801439258,0.50075,200
"B-bad","E-Total Evidence",75,0.8285,0.805485381486398,0.851514618513602,0.1715,0.824742975637011,0.5459,200
"B-bad","E-Total Evidence",80,0.823,0.800912795764181,0.845087204235819,0.177,0.830311515599232,0.588925,200
"B-bad","E-Total Evidence",85,0.83,0.808119594135299,0.8518804058647,0.17,0.835540324940046,0.630275,200
"B-bad","E-Total Evidence",90,0.8375,0.814863427332952,0.860136572667048,0.1625,0.838297769907773,0.6732,200
"B-bad","E-Total Evidence",95,0.8465,0.82571094455896,0.867289055441041,0.1535,0.843800217202328,0.7134,200
"B-bad","E-Total Evidence",100,0.84,0.818610348625336,0.861389651374664,0.16,0.849199310974501,0.752375,200
"B-bad","E-Total Evidence",105,0.8565,0.83667585701156,0.87632414298844,0.1435,0.853926063125868,0.790725,200
"B-bad","E-Total Evidence",110,0.851,0.831351306716764,0.870648693283236,0.149,0.861142392977573,0.82775,200
"B-bad","E-Total Evidence",115,0.8615,0.843136814686053,0.879863185313947,0.1385,0.866478611469366,0.86225,200
"B-bad","E-Total Evidence",120,0.872,0.852941303888056,0.891058696111944,0.128,0.86964981605469,0.895375,200
"B-bad","E-Total Evidence",125,0.8715,0.852582748242138,0.890417251757863,0.1285,0.874017773734937,0.9282,200
"B-bad","E-Total Evidence",130,0.8855,0.868460774842445,0.902539225157555,0.1145,0.876732633792652,0.959575,200
"B-bad","E-Total Evidence",135,0.8825,0.864414342560329,0.900585657439671,0.1175,0.880817671114692,0.990275,200
"B-bad","E-Total Evidence",140,0.886,0.867723089448802,0.904276910551198,0.114,0.885321805276307,1.01905,200
"B-bad","E-Total Evidence",145,0.8795,0.861908903634032,0.897091096365968,0.1205,0.88780798493912,1.04805,200
"B-bad","E-Total Evidence",150,0.8895,0.873273205420923,0.905726794579077,0.1105,0.888374537912956,1.07515,200
"B-bad","E-Total Evidence",155,0.8885,0.873268554676815,0.903731445323185,0.1115,0.891373253593377,1.1042,200
"B-bad","E-Total Evidence",160,0.892,0.875775436204577,0.908224563795423,0.108,0.893378473392071,1.131875,200
"B-bad","E-Total Evidence",165,0.89,0.873916449303245,0.906083550696755,0.11,0.894863758699529,1.158525,200
"B-bad","E-Total Evidence",170,0.9035,0.888004683735701,0.918995316264299,0.0965,0.896018985780817,1.183575,200
"B-bad","E-Total Evidence",175,0.887,0.871261628748557,0.902738371251443,0.113,0.897712656243837,1.2094,200
"B-bad","E-Total Evidence",180,0.9,0.884779807118279,0.915220192881721,0.1,0.900289601158984,1.2354,200
"B-bad","E-Total Evidence",185,0.8825,0.864575166716502,0.900424833283498,0.1175,0.900931707639892,1.26095,200
"B-bad","E-Total Evidence",190,0.9075,0.893199395592068,0.921800604407932,0.0925,0.902991105466266,1.28405,200
"B-bad","E-Total Evidence",195,0.908,0.892505773874889,0.923494226125111,0.092,0.904718311279012,1.307775,200
"B-bad","E-Total Evidence",200,0.8995,0.883750133668909,0.915249866331091,0.1005,0.906729286258536,1.3318,200
"B-bad","E-Total Evidence",205,0.9125,0.89889107778628,0.92610892221372,0.0875,0.9099618016107,1.35525,200
"B-bad","E-Total Evidence",210,0.907,0.891372411715882,0.922627588284118,0.093,0.910400442981777,1.3779,200
"B-bad","E-Total Evidence",215,0.9145,0.899835500152447,0.929164499847553,0.0855,0.910198582381346,1.400725,200
"B-bad","E-Total Evidence",220,0.9175,0.902507434002951,0.932492565997049,0.0825,0.910541908772144,1.422575,200
"B-bad","E-Total Evidence",225,0.911,0.896309688284742,0.925690311715258,0.089,0.911882607466872,1.446,200
"B-bad","E-Total Evidence",230,0.9205,0.906865568342129,0.934134431657871,0.0795,0.914270858803429,1.46765,200
"B-bad","E-Total Evidence",235,0.9185,0.905313252350642,0.931686747649358,0.0815,0.915646814124764,1.48885,200
"B-bad","E-Total Evidence",240,0.9185,0.904740133297946,0.932259866702054,0.0815,0.916476039563408,1.509925,200
"B-bad","E-Total Evidence",245,0.908,0.894220330757884,0.921779669242116,0.092,0.919446123727211,1.531125,200
"B-bad","E-Total Evidence",250,0.923,0.909336397320218,0.936663602679782,0.077,0.920418090402571,1.5511,200
"B-bad","E-Total Evidence",255,0.923,0.909265936855677,0.936734063144323,0.077,0.922336161483443,1.571175,200
"B-bad","E-Total Evidence",260,0.9285,0.915813145251202,0.941186854748797,0.0715,0.924315560014512,1.58985,200
"B-bad","E-Total Evidence",265,0.924,0.909814431850694,0.938185568149306,0.076,0.925627064901092,1.6096,200
"B-bad","E-Total Evidence",270,0.933,0.921283581592419,0.944716418407581,0.067,0.926243687970926,1.6276,200
"B-bad","E-Total Evidence",275,0.9345,0.922026442923903,0.946973557076097,0.0655,0.927060660446194,1.64595,200
"B-bad","E-Total Evidence",280,0.928,0.915954553061019,0.940045446938981,0.072,0.928743538696831,1.6638,200
"B-bad","E-Total Evidence",285,0.9245,0.911429414741681,0.937570585258319,0.0755,0.930977029565835,1.6822,200
"B-bad","E-Total Evidence",290,0.9315,0.918722174436523,0.944277825563477,0.0685,0.932508036673544,1.69895,200
"B-bad","E-Total Evidence",295,0.9305,0.918371701018655,0.942628298981345,0.0695,0.934121777296738,1.715225,200
"B-bad","E-Total Evidence",300,0.937,0.926390350083213,0.947609649916787,0.063,0.936595653040763,1.730875,200
"B-bad","E-Total Evidence",305,0.9285,0.916761564998629,0.940238435001371,0.0715,0.935742704208401,1.74695,200
"B-bad","E-Total Evidence",310,0.9365,0.923828370548157,0.949171629451843,0.0635,0.936557860475393,1.7628,200
"B-bad","E-Total Evidence",315,0.939,0.927816351131672,0.950183648868328,0.061,0.938281212013706,1.777425,200
"B-bad","E-Total Evidence",320,0.939,0.926667103597762,0.951332896402238,0.061,0.939640564142192,1.792925,200
"B-bad","E-Total Evidence",325,0.9395,0.928135914900409,0.950864085099591,0.0605,0.941727560692699,1.80825,200
"B-bad","E-Total Evidence",330,0.9395,0.92856884412131,0.95043115587869,0.0605,0.942133911178778,1.823675,200
"B-bad","E-Total Evidence",335,0.9435,0.932078304080022,0.954921695919978,0.0565,0.943378021676319,1.838125,200
"B-bad","E-Total Evidence",340,0.936,0.923804835293812,0.948195164706188,0.064,0.943791460900302,1.852375,200
"B-bad","E-Total Evidence",345,0.9405,0.929289843173247,0.951710156826753,0.0595,0.945703014055115,1.866325,200
"B-bad","E-Total Evidence",350,0.9495,0.940283977356428,0.958716022643572,0.0505,0.947065738414959,1.879775,200
"B-bad","E-Total Evidence",355,0.9375,0.926878756945625,0.948121243054375,0.0625,0.947674084366462,1.894225,200
"B-bad","E-Total Evidence",360,0.938,0.926664617231317,0.949335382768683,0.062,0.947727771606836,1.907,200
"B-bad","E-Total Evidence",365,0.9465,0.935570610273259,0.957429389726741,0.0535,0.949233771813446,1.92005,200
"B-bad","E-Total Evidence",370,0.944,0.932405316068241,0.955594683931759,0.056,0.94939504044954,1.93205,200
"B-bad","E-Total Evidence",375,0.9515,0.941776383099477,0.961223616900523,0.0485,0.949632267955367,1.945075,200
"B-bad","E-Total Evidence",380,0.9485,0.938976984663168,0.958023015336832,0.0515,0.95015017330199,1.9577,200
"B-bad","E-Total Evidence",385,0.9515,0.942078887069766,0.960921112930234,0.0485,0.951189237734172,1.970575,200
"B-bad","E-Total Evidence",390,0.941,0.930492737519976,0.951507262480024,0.059,0.95196122497161,1.9841,200
"B-bad","E-Total Evidence",395,0.9545,0.945097346787359,0.963902653212641,0.0455,0.952284891658919,1.9963,200
"B-bad","E-Total Evidence",400,0.9505,0.941283977356428,0.959716022643572,0.0495,0.952924791239816,2.00835,200
"B-bad","E-Total Evidence",405,0.9535,0.944089137998138,0.962910862001862,0.0465,0.953053089430035,2.0198,200
"B-bad","E-Total Evidence",410,0.951,0.940981805898001,0.961018194101999,0.049,0.953787309582728,2.03175,200
"B-bad","E-Total Evidence",415,0.957,0.946741883566472,0.967258116433528,0.043,0.953799609932939,2.043175,200
"B-bad","E-Total Evidence",420,0.949,0.938696817489278,0.959303182510722,0.051,0.954029350992066,2.055175,200
"B-bad","E-Total Evidence",425,0.9515,0.940739716523134,0.962260283476866,0.0485,0.954458818329083,2.06715,200
"B-bad","E-Total Evidence",430,0.9615,0.952530249495075,0.970469750504925,0.0385,0.955291212525343,2.078575,200
"B-bad","E-Total Evidence",435,0.959,0.949659917682994,0.968340082317006,0.041,0.955687332713122,2.08875,200
"B-bad","E-Total Evidence",440,0.9595,0.949665833428256,0.969334166571744,0.0405,0.956339007542921,2.099725,200
"B-bad","E-Total Evidence",445,0.962,0.953484849564766,0.970515150435234,0.038,0.957383846870763,2.109975,200
"B-bad","E-Total Evidence",450,0.956,0.946821495945231,0.965178504054769,0.044,0.957230528596636,2.120425,200
"B-bad","E-Total Evidence",455,0.957,0.946931829945754,0.967068170054246,0.043,0.957639250203206,2.130775,200
"B-bad","E-Total Evidence",460,0.954,0.945566859345028,0.962433140654971,0.046,0.957211046580084,2.141125,200
"B-bad","E-Total Evidence",465,0.96,0.951323155055497,0.968676844944503,0.04,0.958346366519895,2.15195,200
"B-bad","E-Total Evidence",470,0.951,0.941475717782489,0.960524282217511,0.049,0.958103977910027,2.16255,200
"B-bad","E-Total Evidence",475,0.9535,0.943886195958898,0.963113804041102,0.0465,0.958704178284314,2.1726,200
"B-bad","E-Total Evidence",480,0.963,0.953856265126482,0.972143734873518,0.037,0.959775846350311,2.182725,200
"B-bad","E-Total Evidence",485,0.962,0.953484849564766,0.970515150435234,0.038,0.959974333726534,2.192325,200
"B-bad","E-Total Evidence",490,0.9575,0.948342815929528,0.966657184070472,0.0425,0.960993647911039,2.2025,200
"B-bad","E-Total Evidence",495,0.961,0.952346547323982,0.969653452676018,0.039,0.961005066172319,2.212625,200
"B-bad","E-Total Evidence",500,0.9605,0.952175433341594,0.968824566658406,0.0395,0.961721803316469,2.222225,200
"B-good","No Deference",0,0,0,0,0,0.5,0,200
"B-good","No Deference",5,0.544,0.521184935947083,0.566815064052917,0.544,0.537082106370269,0,200
"B-good","No Deference",10,0.5655,0.542560155617322,0.588439844382678,0.5655,0.57330765447035,0,200
"B-good","No Deference",15,0.612,0.587279482856558,0.636720517143442,0.612,0.599640299266423,0,200
"B-good","No Deference",20,0.6245,0.600535344325277,0.648464655674723,0.6245,0.630062113546594,0,200
"B-good","No Deference",25,0.6565,0.631047763482975,0.681952236517025,0.6565,0.659983800325605,0,200
"B-good","No Deference",26,0.657,0.630950560958595,0.683049439041405,0.657,0.664910487335827,0.01715,200
"B-good","No Deference",30,0.68,0.654607657546489,0.705392342453511,0.68,0.686444575676931,0.0828500000000001,200
"B-good","No Deference",35,0.712,0.686586379468035,0.737413620531965,0.712,0.708488844831374,0.159475,200
"B-good","No Deference",40,0.735,0.711065470371392,0.758934529628608,0.735,0.725746787878346,0.229325,200
"B-good","No Deference",45,0.749,0.724145917456171,0.773854082543829,0.749,0.742998221724305,0.295,200
"B-good","No Deference",50,0.7555,0.729592213040755,0.781407786959245,0.7555,0.760169144128455,0.35745,200
"B-good","No Deference",55,0.7685,0.742896520690269,0.794103479309731,0.7685,0.775550869752684,0.41585,200
"B-good","No Deference",60,0.7795,0.752333714398784,0.806666285601216,0.7795,0.785814041607754,0.471075,200
"B-good","No Deference",65,0.7945,0.769832739782595,0.819167260217405,0.7945,0.796587218741874,0.5243,200
"B-good","No Deference",70,0.7945,0.76780321838229,0.82119678161771,0.7945,0.808339493171625,0.57545,200
"B-good","No Deference",75,0.8185,0.793759285036919,0.843240714963081,0.8185,0.819100852953314,0.622675,200
"B-good","No Deference",80,0.8305,0.807325725621612,0.853674274378388,0.8305,0.832142859431057,0.665975,200
"B-good","No Deference",85,0.8455,0.822848082091694,0.868151917908306,0.8455,0.845048017699447,0.706625,200
"B-good","No Deference",90,0.853,0.832302496254221,0.873697503745779,0.853,0.857819362579961,0.744475,200
"B-good","No Deference",95,0.8705,0.849529730593171,0.891470269406829,0.8705,0.861978418701177,0.77845,200
"B-good","No Deference",100,0.868,0.847544075866371,0.888455924133629,0.868,0.872709206738363,0.8135,200
"B-good","No Deference",105,0.882,0.862411822661174,0.901588177338826,0.882,0.880591248085542,0.844525,200
"B-good","No Deference",110,0.8835,0.864922555903846,0.902077444096154,0.8835,0.886088437140764,0.8736,200
"B-good","No Deference",115,0.8865,0.866866664027552,0.906133335972448,0.8865,0.8927705202372,0.901575,200
"B-good","No Deference",120,0.8985,0.880042443581429,0.916957556418571,0.8985,0.898932959511623,0.927849999999999,200
"B-good","No Deference",125,0.914,0.897499364044538,0.930500635955462,0.914,0.904071299033894,0.952974999999999,200
"B-good","No Deference",130,0.906,0.888500087236398,0.923499912763602,0.906,0.909382533214529,0.975649999999999,200
"B-good","No Deference",135,0.92,0.903856547603552,0.936143452396448,0.92,0.912793003394014,0.997674999999999,200
"B-good","No Deference",140,0.914,0.897854156158106,0.930145843841894,0.914,0.915679298223329,1.019175,200
"B-good","No Deference",145,0.9255,0.910730562658077,0.940269437341923,0.9255,0.921261404046319,1.040025,200
"B-good","No Deference",150,0.9195,0.904235637523662,0.934764362476338,0.9195,0.924739988422796,1.05955,200
"B-good","No Deference",155,0.931,0.917218229504525,0.944781770495475,0.931,0.930111023845411,1.077625,200
"B-good","No Deference",160,0.931,0.917148370122933,0.944851629877067,0.931,0.93337132329354,1.09465,200
"B-good","No Deference",165,0.9315,0.916692706469157,0.946307293530843,0.9315,0.93628526471615,1.111825,200
"B-good","No Deference",170,0.9395,0.925613050919159,0.953386949080841,0.9395,0.939307703820289,1.128025,200
"B-good","No Deference",175,0.9375,0.923506421070495,0.951493578929505,0.9375,0.942085849370245,1.142475,200
"B-good","No Deference",180,0.9505,0.938629103279671,0.962370896720329,0.9505,0.945129387492953,1.156325,200
"B-good","No Deference",185,0.9515,0.939549684850984,0.963450315149016,0.9515,0.947998374965775,1.170175,200
"B-good","No Deference",190,0.95,0.938375385671281,0.961624614328719,0.95,0.950242782408431,1.183,200
"B-good","No Deference",195,0.9495,0.93715087442316,0.96184912557684,0.9495,0.953633714226389,1.19475,200
"B-good","No Deference",200,0.956,0.944076975865049,0.96792302413495,0.956,0.955712539188634,1.206075,200
"B-good","No Deference",205,0.957,0.944689037119901,0.969310962880099,0.957,0.958617366024027,1.21665,200
"B-good","No Deference",210,0.9615,0.950069856391341,0.972930143608659,0.9615,0.961240987238652,1.22615,200
"B-good","No Deference",215,0.967,0.9566855817362,0.9773144182638,0.967,0.963477025613314,1.2357,200
"B-good","No Deference",220,0.9645,0.954019641822071,0.974980358177929,0.9645,0.965863505300441,1.24465,200
"B-good","No Deference",225,0.967,0.956408560961582,0.977591439038418,0.967,0.966428790773186,1.252825,200
"B-good","No Deference",230,0.972,0.962663018468445,0.981336981531555,0.972,0.969697599561084,1.260775,200
"B-good","No Deference",235,0.9735,0.964551797182208,0.982448202817792,0.9735,0.971141554569918,1.268125,200
"B-good","No Deference",240,0.9745,0.965603724566825,0.983396275433175,0.9745,0.973288791820595,1.2748,200
"B-good","No Deference",245,0.9685,0.958816170967865,0.978183829032135,0.9685,0.975484307240763,1.281375,200
"B-good","No Deference",250,0.972,0.962258283869573,0.981741716130427,0.972,0.977225732993306,1.287175,200
"B-good","No Deference",255,0.9765,0.968401114786062,0.984598885213938,0.9765,0.978531758715011,1.2926,200
"B-good","No Deference",260,0.983,0.976320722212784,0.989679277787216,0.983,0.980643325809699,1.297875,200
"B-good","No Deference",265,0.982,0.974420405070422,0.989579594929578,0.982,0.980348617898313,1.303025,200
"B-good","No Deference",270,0.9765,0.967715089341582,0.985284910658418,0.9765,0.98142368284118,1.3081,200
"B-good","No Deference",275,0.983,0.975250395503689,0.990749604496311,0.983,0.981500195269939,1.31295,200
"B-good","No Deference",280,0.9795,0.971363066521584,0.987636933478416,0.9795,0.982102215706974,1.317825,200
"B-good","No Deference",285,0.984,0.976590407412579,0.991409592587421,0.984,0.983866818766766,1.322225,200
"B-good","No Deference",290,0.9855,0.978779303846779,0.992220696153221,0.9855,0.984495299378085,1.32645,200
"B-good","No Deference",295,0.985,0.978087786644834,0.991912213355166,0.985,0.985095662927493,1.330075,200
"B-good","No Deference",300,0.9845,0.977005246189943,0.991994753810057,0.9845,0.985300454248704,1.3337,200
"B-good","No Deference",305,0.9855,0.978637186506598,0.992362813493402,0.9855,0.985497540621237,1.337325,200
"B-good","No Deference",310,0.9855,0.978637186506598,0.992362813493402,0.9855,0.986040477487013,1.340975,200
"B-good","No Deference",315,0.9865,0.980031044992082,0.992968955007918,0.9865,0.986408715067103,1.34415,200
"B-good","No Deference",320,0.987,0.980894507950556,0.993105492049444,0.987,0.987145204882533,1.347125,200
"B-good","No Deference",325,0.9885,0.98257625152628,0.99442374847372,0.9885,0.987732992907928,1.35045,200
"B-good","No Deference",330,0.99,0.984442371352735,0.995557628647265,0.99,0.988849158633081,1.3532,200
"B-good","No Deference",335,0.9875,0.981296098650059,0.993703901349941,0.9875,0.989226914861625,1.356075,200
"B-good","No Deference",340,0.9895,0.983540512146385,0.995459487853615,0.9895,0.989500136288882,1.3588,200
"B-good","No Deference",345,0.989,0.982819089852517,0.995180910147483,0.989,0.989620846227323,1.36125,200
"B-good","No Deference",350,0.986,0.979330845623282,0.992669154376718,0.986,0.9900292961848,1.364075,200
"B-good","No Deference",355,0.9895,0.983540512146385,0.995459487853615,0.9895,0.990347172677001,1.36665,200
"B-good","No Deference",360,0.992,0.985886608488008,0.998113391511992,0.992,0.990573639419442,1.368975,200
"B-good","No Deference",365,0.989,0.98297727653051,0.99502272346949,0.989,0.991208925266012,1.37115,200
"B-good","No Deference",370,0.993,0.988286242949871,0.997713757050129,0.993,0.991396430587103,1.3732,200
"B-good","No Deference",375,0.9915,0.985641790796209,0.997358209203791,0.9915,0.99185826748885,1.375225,200
"B-good","No Deference",380,0.9935,0.9890893160776,0.9979106839224,0.9935,0.992255026911065,1.37715,200
"B-good","No Deference",385,0.992,0.986380195822364,0.997619804177636,0.992,0.99290551210516,1.379075,200
"B-good","No Deference",390,0.9925,0.986953236717276,0.998046763282724,0.9925,0.99340566730628,1.380775,200
"B-good","No Deference",395,0.993,0.987893101719218,0.998106898280782,0.993,0.993583678315554,1.38255,200
"B-good","No Deference",400,0.994,0.989060271608386,0.998939728391614,0.994,0.994287936989509,1.384,200
"B-good","No Deference",405,0.9955,0.99149775967261,0.999502240327391,0.9955,0.994541456915725,1.38535,200
"B-good","No Deference",410,0.995,0.990890078189742,0.999109921810258,0.995,0.995017487860557,1.38665,200
"B-good","No Deference",415,0.9965,0.99359301620681,0.99940698379319,0.9965,0.995194060994243,1.387875,200
"B-good","No Deference",420,0.9965,0.99359301620681,0.99940698379319,0.9965,0.995620834304841,1.388825,200
"B-good","No Deference",425,0.9945,0.990063133207468,0.998936866792532,0.9945,0.99601756465113,1.39,200
"B-good","No Deference",430,0.996,0.992366228754127,0.999633771245873,0.996,0.996546502886946,1.39105,200
"B-good","No Deference",435,0.9965,0.992245259575438,1,0.9965,0.997091480728336,1.39175,200
"B-good","No Deference",440,0.9965,0.99299123108534,1,0.9965,0.997104376763843,1.3925,200
"B-good","No Deference",445,0.9975,0.994260118185666,1,0.9975,0.997485378735827,1.3931,200
"B-good","No Deference",450,0.9975,0.994260118185666,1,0.9975,0.997635863242568,1.393675,200
"B-good","No Deference",455,0.9965,0.99299123108534,1,0.9965,0.997699584354294,1.394275,200
"B-good","No Deference",460,0.9985,0.99556,1,0.9985,0.99801210918405,1.39475,200
"B-good","No Deference",465,0.999,0.99704,1,0.999,0.998245401505605,1.395225,200
"B-good","No Deference",470,0.9985,0.996811141445804,1,0.9985,0.998737915119495,1.39555,200
"B-good","No Deference",475,0.9995,0.99852,1,0.9995,0.99875404217203,1.395825,200
"B-good","No Deference",480,0.999,0.99704,1,0.999,0.999067985974248,1.396075,200
"B-good","No Deference",485,0.9985,0.996313062534642,1,0.9985,0.999016371950202,1.396375,200
"B-good","No Deference",490,0.9995,0.99852,1,0.9995,0.99920454516798,1.39665,200
"B-good","No Deference",495,0.9995,0.99852,1,0.9995,0.99928173018247,1.39685,200
"B-good","No Deference",500,0.9995,0.99852,1,0.9995,0.99950524608879,1.397,200
"B-good","E-Preemption",0,0,0,0,0,0.5,0,200
"B-good","E-Preemption",5,0.544,0.521184935947083,0.566815064052917,0.544,0.537082106370269,0,200
"B-good","E-Preemption",10,0.5655,0.542560155617322,0.588439844382678,0.5655,0.57330765447035,0,200
"B-good","E-Preemption",15,0.612,0.587279482856558,0.636720517143442,0.612,0.599640299266423,0,200
"B-good","E-Preemption",20,0.6245,0.600535344325277,0.648464655674723,0.6245,0.630062113546594,0,200
"B-good","E-Preemption",25,0.6565,0.631047763482975,0.681952236517025,0.6565,0.659983800325605,0,200
"B-good","E-Preemption",26,0.7115,0.670514196084338,0.752485803915662,0.7115,0.713568096868417,0.014425,200
"B-good","E-Preemption",30,0.7255,0.685279182394633,0.765720817605367,0.7255,0.732448177540858,0.0710000000000001,200
"B-good","E-Preemption",35,0.76,0.721146252840405,0.798853747159595,0.76,0.744636867142903,0.1366,200
"B-good","E-Preemption",40,0.7585,0.721133535283263,0.795866464716737,0.7585,0.758391700097965,0.199275,200
"B-good","E-Preemption",45,0.7745,0.737296109810584,0.811703890189416,0.7745,0.766250378906434,0.258725,200
"B-good","E-Preemption",50,0.7765,0.740349305045011,0.812650694954989,0.7765,0.78274803864538,0.31695,200
"B-good","E-Preemption",55,0.7935,0.756895581149307,0.830104418850693,0.7935,0.795795874179593,0.369575,200
"B-good","E-Preemption",60,0.7965,0.760633442432277,0.832366557567723,0.7965,0.806852303488902,0.41995,200
"B-good","E-Preemption",65,0.8105,0.775837215038221,0.845162784961779,0.8105,0.81641217413613,0.46695,200
"B-good","E-Preemption",70,0.8245,0.790995475472422,0.858004524527578,0.8245,0.822317403261882,0.5126,200
"B-good","E-Preemption",75,0.822,0.787623472306217,0.856376527693783,0.822,0.829499998067368,0.557675,200
"B-good","E-Preemption",80,0.8345,0.802676888427579,0.866323111572421,0.8345,0.83828555038248,0.5995,200
"B-good","E-Preemption",85,0.847,0.815717967524809,0.878282032475191,0.847,0.849012979760285,0.638525,200
"B-good","E-Preemption",90,0.859,0.83001528817466,0.88798471182534,0.859,0.858451146945213,0.6753,200
"B-good","E-Preemption",95,0.8615,0.831485026483838,0.891514973516162,0.8615,0.864406375470325,0.7102,200
"B-good","E-Preemption",100,0.8675,0.838960024509383,0.896039975490617,0.8675,0.869547053026639,0.744925,200
"B-good","E-Preemption",105,0.873,0.845819062103661,0.900180937896339,0.873,0.875668547137021,0.77725,200
"B-good","E-Preemption",110,0.8785,0.851242200378589,0.905757799621411,0.8785,0.877975910557767,0.8084,200
"B-good","E-Preemption",115,0.884,0.857366836859012,0.910633163140988,0.884,0.884267798410794,0.838224999999999,200
"B-good","E-Preemption",120,0.888,0.862060099456609,0.913939900543391,0.888,0.889379281194005,0.866374999999999,200
"B-good","E-Preemption",125,0.8955,0.871949753535415,0.919050246464585,0.8955,0.895230231064196,0.894199999999999,200
"B-good","E-Preemption",130,0.9,0.876917434628694,0.923082565371306,0.9,0.90221462458241,0.919499999999999,200
"B-good","E-Preemption",135,0.9065,0.884222750591556,0.928777249408444,0.9065,0.904625252692637,0.943274999999999,200
"B-good","E-Preemption",140,0.9085,0.886585322556853,0.930414677443147,0.9085,0.906742962728892,0.967524999999999,200
"B-good","E-Preemption",145,0.916,0.894188520103478,0.937811479896522,0.916,0.913765381829296,0.990224999999999,200
"B-good","E-Preemption",150,0.9085,0.886192441689218,0.930807558310782,0.9085,0.916137830471322,1.012475,200
"B-good","E-Preemption",155,0.924,0.904937252725057,0.943062747274943,0.924,0.922555434076749,1.032,200
"B-good","E-Preemption",160,0.92,0.899961684942297,0.940038315057703,0.92,0.925921951168739,1.0521,200
"B-good","E-Preemption",165,0.929,0.909420201365365,0.948579798634635,0.929,0.93103262355508,1.070175,200
"B-good","E-Preemption",170,0.934,0.91472576244917,0.95327423755083,0.934,0.933643013593832,1.0871,200
"B-good","E-Preemption",175,0.937,0.918603598560326,0.955396401439674,0.937,0.938642364967982,1.10315,200
"B-good","E-Preemption",180,0.945,0.927940818355151,0.962059181644849,0.945,0.942307862287538,1.118075,200
"B-good","E-Preemption",185,0.94,0.921359146826522,0.958640853173478,0.94,0.945356923668961,1.132425,200
"B-good","E-Preemption",190,0.953,0.93810609959256,0.96789390040744,0.953,0.948138444451737,1.14505,200
"B-good","E-Preemption",195,0.95,0.933385106880668,0.966614893119332,0.95,0.951449994603784,1.157625,200
"B-good","E-Preemption",200,0.951,0.935281266433818,0.966718733566182,0.951,0.95347393006178,1.169625,200
"B-good","E-Preemption",205,0.955,0.939173560700381,0.970826439299619,0.955,0.956334588664742,1.180825,200
"B-good","E-Preemption",210,0.957,0.942932638438338,0.971067361561662,0.957,0.956807509367153,1.191175,200
"B-good","E-Preemption",215,0.9595,0.945950786594064,0.973049213405936,0.9595,0.958906814762447,1.20195,200
"B-good","E-Preemption",220,0.9585,0.944726110857476,0.972273889142524,0.9585,0.960782061518067,1.212475,200
"B-good","E-Preemption",225,0.9635,0.950981641943042,0.976018358056958,0.9635,0.962476861424711,1.222425,200
"B-good","E-Preemption",230,0.9685,0.957597136884258,0.979402863115742,0.9685,0.965086603775835,1.2313,200
"B-good","E-Preemption",235,0.9675,0.956047921564078,0.978952078435922,0.9675,0.967181479940441,1.2397,200
"B-good","E-Preemption",240,0.9665,0.954286052045996,0.978713947954004,0.9665,0.968174146641019,1.247875,200
"B-good","E-Preemption",245,0.9675,0.955797801177282,0.979202198822718,0.9675,0.970723835444215,1.255475,200
"B-good","E-Preemption",250,0.9695,0.958542386002299,0.980457613997701,0.9695,0.972349603200755,1.262675,200
"B-good","E-Preemption",255,0.9705,0.959144411731459,0.981855588268541,0.9705,0.97360569670393,1.269375,200
"B-good","E-Preemption",260,0.974,0.962863921100031,0.985136078899969,0.974,0.974643622657664,1.27605,200
"B-good","E-Preemption",265,0.975,0.964813645939531,0.985186354060469,0.975,0.976493246417199,1.28205,200
"B-good","E-Preemption",270,0.9755,0.965243059807596,0.985756940192404,0.9755,0.977630459086688,1.28785,200
"B-good","E-Preemption",275,0.979,0.970039670232199,0.987960329767801,0.979,0.978733241267084,1.29335,200
"B-good","E-Preemption",280,0.981,0.972391279867973,0.989608720132026,0.981,0.979346940400426,1.2987,200
"B-good","E-Preemption",285,0.978,0.968159700948287,0.987840299051713,0.978,0.980700318776556,1.3041,200
"B-good","E-Preemption",290,0.981,0.972504141594268,0.989495858405732,0.981,0.981237473298951,1.308725,200
"B-good","E-Preemption",295,0.982,0.974047540249684,0.989952459750316,0.982,0.981632683988894,1.31335,200
"B-good","E-Preemption",300,0.982,0.974047540249684,0.989952459750316,0.982,0.982790841006662,1.31785,200
"B-good","E-Preemption",305,0.9825,0.973556112949176,0.991443887050824,0.9825,0.983798597760227,1.32205,200
"B-good","E-Preemption",310,0.983,0.974885338785065,0.991114661214935,0.983,0.98384694262473,1.326025,200
"B-good","E-Preemption",315,0.9845,0.97650668130758,0.99249331869242,0.9845,0.984588182114957,1.3297,200
"B-good","E-Preemption",320,0.9865,0.978930918352605,0.994069081647395,0.9865,0.985680967935206,1.33355,200
"B-good","E-Preemption",325,0.988,0.98125600598485,0.99474399401515,0.988,0.986367794775336,1.336925,200
"B-good","E-Preemption",330,0.988,0.98185511218726,0.99414488781274,0.988,0.987231177571029,1.339775,200
"B-good","E-Preemption",335,0.987,0.979873275717767,0.994126724282233,0.987,0.987879524651238,1.343175,200
"B-good","E-Preemption",340,0.988,0.98185511218726,0.99414488781274,0.988,0.988966133865764,1.3462,200
"B-good","E-Preemption",345,0.988,0.980975588295167,0.995024411704833,0.988,0.989264077735207,1.349,200
"B-good","E-Preemption",350,0.989,0.98297727653051,0.99502272346949,0.989,0.990045364977997,1.3515,200
"B-good","E-Preemption",355,0.9915,0.986731782145546,0.996268217854454,0.9915,0.989981856799527,1.353875,200
"B-good","E-Preemption",360,0.9905,0.985012721152909,0.995987278847091,0.9905,0.990554544533882,1.35615,200
"B-good","E-Preemption",365,0.9915,0.986158908511226,0.996841091488774,0.9915,0.991084630617964,1.358475,200
"B-good","E-Preemption",370,0.9915,0.9863427908681,0.9966572091319,0.9915,0.991248911064231,1.36065,200
"B-good","E-Preemption",375,0.992,0.987317058863445,0.996682941136555,0.992,0.992292767569806,1.362825,200
"B-good","E-Preemption",380,0.992,0.987527921576366,0.996472078423634,0.992,0.992252526208327,1.36485,200
"B-good","E-Preemption",385,0.9935,0.98955117382749,0.997448826172511,0.9935,0.992728746971918,1.366525,200
"B-good","E-Preemption",390,0.9915,0.9863427908681,0.9966572091319,0.9915,0.993089942170682,1.368375,200
"B-good","E-Preemption",395,0.9925,0.987904967725027,0.997095032274973,0.9925,0.992885659224497,1.370325,200
"B-good","E-Preemption",400,0.993,0.988495662838293,0.997504337161707,0.993,0.993014622604252,1.372025,200
"B-good","E-Preemption",405,0.9945,0.990772476673346,0.998227523326655,0.9945,0.993254843265242,1.37365,200
"B-good","E-Preemption",410,0.9935,0.98955117382749,0.997448826172511,0.9935,0.993884807749262,1.375275,200
"B-good","E-Preemption",415,0.9935,0.9890893160776,0.9979106839224,0.9935,0.994278091145034,1.376775,200
"B-good","E-Preemption",420,0.9935,0.98955117382749,0.997448826172511,0.9935,0.994516786056663,1.378325,200
"B-good","E-Preemption",425,0.995,0.991668318667322,0.998331681332678,0.995,0.994501165166181,1.379475,200
"B-good","E-Preemption",430,0.9965,0.99359301620681,0.99940698379319,0.9965,0.995045468828011,1.380675,200
"B-good","E-Preemption",435,0.9965,0.99359301620681,0.99940698379319,0.9965,0.995653671786829,1.381775,200
"B-good","E-Preemption",440,0.996,0.992943304244004,0.999056695755996,0.996,0.995908739153964,1.382825,200
"B-good","E-Preemption",445,0.997,0.994629848933,0.999370151067,0.997,0.996271907742136,1.383925,200
"B-good","E-Preemption",450,0.996,0.992642345877546,0.999357654122454,0.996,0.996579010040485,1.38485,200
"B-good","E-Preemption",455,0.999,0.997617557328967,1,0.999,0.996940441380157,1.38565,200
"B-good","E-Preemption",460,0.9975,0.994923970177145,1,0.9975,0.9972860331534,1.386375,200
"B-good","E-Preemption",465,0.9975,0.994923970177145,1,0.9975,0.997659531964526,1.387075,200
"B-good","E-Preemption",470,0.997,0.994629848933,0.999370151067,0.997,0.997578811370802,1.38775,200
"B-good","E-Preemption",475,0.999,0.997617557328967,1,0.999,0.997463583005114,1.3883,200
"B-good","E-Preemption",480,0.997,0.994252625190894,0.999747374809106,0.997,0.997678147861874,1.389,200
"B-good","E-Preemption",485,0.9975,0.994923970177145,1,0.9975,0.997913557686282,1.3897,200
"B-good","E-Preemption",490,0.998,0.996054829973457,0.999945170026543,0.998,0.997807112520692,1.390175,200
"B-good","E-Preemption",495,0.9975,0.994923970177145,1,0.9975,0.998031685971765,1.390725,200
"B-good","E-Preemption",500,0.9975,0.994923970177145,1,0.9975,0.998193411247526,1.39125,200
"B-good","E-Total Evidence",0,0,0,0,0,0.5,0,200
"B-good","E-Total Evidence",5,0.544,0.521184935947083,0.566815064052917,0.544,0.537082106370269,0,200
"B-good","E-Total Evidence",10,0.5655,0.542560155617322,0.588439844382678,0.5655,0.57330765447035,0,200
"B-good","E-Total Evidence",15,0.612,0.587279482856558,0.636720517143442,0.612,0.599640299266423,0,200
"B-good","E-Total Evidence",20,0.6245,0.600535344325277,0.648464655674723,0.6245,0.630062113546594,0,200
"B-good","E-Total Evidence",25,0.6565,0.631047763482975,0.681952236517025,0.6565,0.659983800325605,0,200
"B-good","E-Total Evidence",26,0.794,0.762114997586726,0.825885002413274,0.794,0.795662642911119,0.0103,200
"B-good","E-Total Evidence",30,0.7925,0.760971247070229,0.824028752929771,0.7925,0.806948229417967,0.051175,200
"B-good","E-Total Evidence",35,0.8235,0.793928874908181,0.853071125091819,0.8235,0.815342392814536,0.0992500000000001,200
"B-good","E-Total Evidence",40,0.8375,0.809351643031964,0.865648356968036,0.8375,0.829226824486842,0.14375,200
"B-good","E-Total Evidence",45,0.8365,0.807020410910864,0.865979589089136,0.8365,0.834879641438503,0.185675,200
"B-good","E-Total Evidence",50,0.8405,0.812294777952412,0.868705222047588,0.8405,0.847972621079268,0.2263,200
"B-good","E-Total Evidence",55,0.855,0.828031538986304,0.881968461013696,0.855,0.858150840496597,0.2633,200
"B-good","E-Total Evidence",60,0.863,0.83637154867251,0.88962845132749,0.863,0.863699868850136,0.298825,200
"B-good","E-Total Evidence",65,0.8665,0.840607865380084,0.892392134619917,0.8665,0.870609996862951,0.33225,200
"B-good","E-Total Evidence",70,0.868,0.841573490392217,0.894426509607783,0.868,0.874533072461803,0.364875,200
"B-good","E-Total Evidence",75,0.8825,0.857628544544349,0.907371455455651,0.8825,0.882102387834613,0.395325,200
"B-good","E-Total Evidence",80,0.884,0.859559068190049,0.908440931809951,0.884,0.889652437760258,0.423825,200
"B-good","E-Total Evidence",85,0.9005,0.87958965301447,0.92141034698553,0.9005,0.897609930959892,0.4505,200
"B-good","E-Total Evidence",90,0.9025,0.880866368309955,0.924133631690045,0.9025,0.904974299750483,0.47545,200
"B-good","E-Total Evidence",95,0.913,0.892471068387132,0.933528931612868,0.913,0.908934364770605,0.498875,200
"B-good","E-Total Evidence",100,0.919,0.89923376026742,0.93876623973258,0.919,0.915367761963853,0.521625,200
"B-good","E-Total Evidence",105,0.915,0.894877565708666,0.935122434291334,0.915,0.91982742119128,0.5425,200
"B-good","E-Total Evidence",110,0.9195,0.90071998929686,0.93828001070314,0.9195,0.922506653456886,0.562325,200
"B-good","E-Total Evidence",115,0.9245,0.906041397723827,0.942958602276173,0.9245,0.924321972569417,0.581075,200
"B-good","E-Total Evidence",120,0.9275,0.909710297428345,0.945289702571655,0.9275,0.928745926876839,0.598925,200
"B-good","E-Total Evidence",125,0.9365,0.92010867547762,0.95289132452238,0.9365,0.933353237536997,0.617025,200
"B-good","E-Total Evidence",130,0.934,0.917417671451195,0.950582328548805,0.934,0.937930274362408,0.632999999999999,200
"B-good","E-Total Evidence",135,0.941,0.925025442590729,0.956974557409272,0.941,0.940102389192098,0.647849999999999,200
"B-good","E-Total Evidence",140,0.9395,0.923066331960693,0.955933668039307,0.9395,0.940798938760168,0.662999999999999,200
"B-good","E-Total Evidence",145,0.949,0.935387354681664,0.962612645318336,0.949,0.944761700828713,0.677224999999999,200
"B-good","E-Total Evidence",150,0.941,0.925454154297917,0.956545845702083,0.941,0.946923614193118,0.690999999999999,200
"B-good","E-Total Evidence",155,0.951,0.937458446902164,0.964541553097836,0.951,0.951105761693374,0.703549999999999,200
"B-good","E-Total Evidence",160,0.951,0.938041217564483,0.963958782435517,0.951,0.95389229073475,0.715399999999999,200
"B-good","E-Total Evidence",165,0.955,0.94154712300296,0.96845287699704,0.955,0.956776015745008,0.727124999999999,200
"B-good","E-Total Evidence",170,0.9575,0.944657375070673,0.970342624929327,0.9575,0.958301523481129,0.738249999999999,200
"B-good","E-Total Evidence",175,0.961,0.949227694879965,0.972772305120035,0.961,0.960389750100836,0.748149999999999,200
"B-good","E-Total Evidence",180,0.9665,0.956550690183277,0.976449309816723,0.9665,0.962024178396221,0.757499999999999,200
"B-good","E-Total Evidence",185,0.962,0.950328979840743,0.973671020159257,0.962,0.964631739141326,0.766824999999999,200
"B-good","E-Total Evidence",190,0.963,0.952573890138975,0.973426109861025,0.963,0.965711402265528,0.775674999999999,200
"B-good","E-Total Evidence",195,0.9645,0.953746895131098,0.975253104868902,0.9645,0.967739233379371,0.783874999999999,200
"B-good","E-Total Evidence",200,0.969,0.959039782045129,0.978960217954871,0.969,0.969327727659523,0.791699999999999,200
"B-good","E-Total Evidence",205,0.9665,0.956263783774604,0.976736216225396,0.9665,0.971254686950735,0.799374999999999,200
"B-good","E-Total Evidence",210,0.9735,0.965108452326191,0.981891547673809,0.9735,0.972580937832372,0.806324999999999,200
"B-good","E-Total Evidence",215,0.974,0.964969922286182,0.983030077713818,0.974,0.974047020952548,0.813174999999999,200
"B-good","E-Total Evidence",220,0.9755,0.966231758554209,0.984768241445792,0.9755,0.975434161234116,0.819624999999999,200
"B-good","E-Total Evidence",225,0.9745,0.965283977356428,0.983716022643572,0.9745,0.976645679615411,0.825949999999999,200
"B-good","E-Total Evidence",230,0.98,0.97238990355914,0.98761009644086,0.98,0.978991425503982,0.831574999999999,200
"B-good","E-Total Evidence",235,0.98,0.971780156379485,0.988219843620515,0.98,0.979689443772893,0.836424999999999,200
"B-good","E-Total Evidence",240,0.982,0.973927078079053,0.990072921920947,0.982,0.981081752001157,0.841349999999999,200
"B-good","E-Total Evidence",245,0.982,0.974047540249684,0.989952459750316,0.982,0.981987892208318,0.845999999999999,200
"B-good","E-Total Evidence",250,0.9795,0.971245295965726,0.987754704034275,0.9795,0.983592630706391,0.850549999999999,200
"B-good","E-Total Evidence",255,0.986,0.979626875524683,0.992373124475317,0.986,0.985210497748279,0.853999999999999,200
"B-good","E-Total Evidence",260,0.989,0.98330682044308,0.99469317955692,0.989,0.9859857236202,0.857524999999999,200
"B-good","E-Total Evidence",265,0.988,0.981400681624965,0.994599318375035,0.988,0.987110122814562,0.860725,200
"B-good","E-Total Evidence",270,0.987,0.980437348862712,0.993562651137288,0.987,0.988317308710668,0.863675,200
"B-good","E-Total Evidence",275,0.9895,0.983873758718756,0.995126241281244,0.9895,0.988652486246233,0.8664,200
"B-good","E-Total Evidence",280,0.9885,0.982258870254312,0.994741129745688,0.9885,0.989028664531775,0.86935,200
"B-good","E-Total Evidence",285,0.9895,0.983704739590313,0.995295260409687,0.9895,0.989996982049935,0.8721,200
"B-good","E-Total Evidence",290,0.9875,0.981296098650059,0.993703901349941,0.9875,0.990518207347067,0.874725,200
"B-good","E-Total Evidence",295,0.9895,0.984048015160195,0.994951984839805,0.9895,0.991077271684814,0.87695,200
"B-good","E-Total Evidence",300,0.991,0.985074215104042,0.996925784895958,0.991,0.991138306209384,0.879275,200
"B-good","E-Total Evidence",305,0.988,0.982014250759525,0.993985749240475,0.988,0.991646140873908,0.881725,200
"B-good","E-Total Evidence",310,0.992,0.986921531509298,0.997078468490702,0.992,0.991963315948018,0.8837,200
"B-good","E-Total Evidence",315,0.994,0.989259697866,0.998740302134,0.994,0.992662254020309,0.88555,200
"B-good","E-Total Evidence",320,0.9925,0.987130071634252,0.997869928365748,0.9925,0.99313167526487,0.887175,200
"B-good","E-Total Evidence",325,0.9945,0.990772476673346,0.998227523326655,0.9945,0.993306355824938,0.88885,200
"B-good","E-Total Evidence",330,0.994,0.98946789099201,0.99853210900799,0.994,0.993241060212991,0.890325,200
"B-good","E-Total Evidence",335,0.9945,0.990521949923385,0.998478050076615,0.9945,0.993581833752849,0.892075,200
"B-good","E-Total Evidence",340,0.995,0.990661577527748,0.999338422472252,0.995,0.993903963553164,0.893775,200
"B-good","E-Total Evidence",345,0.9945,0.990286292051724,0.998713707948276,0.9945,0.994272455076322,0.8953,200
"B-good","E-Total Evidence",350,0.993,0.988495662838293,0.997504337161707,0.993,0.994079664628775,0.89685,200
"B-good","E-Total Evidence",355,0.993,0.988085739344627,0.997914260655373,0.993,0.994324576467794,0.898425,200
"B-good","E-Total Evidence",360,0.993,0.988085739344627,0.997914260655373,0.993,0.994395886163311,0.8999,200
"B-good","E-Total Evidence",365,0.994,0.989915993690298,0.998084006309702,0.994,0.994680977228801,0.90125,200
"B-good","E-Total Evidence",370,0.995,0.990890078189742,0.999109921810258,0.995,0.994990425588505,0.9026,200
"B-good","E-Total Evidence",375,0.994,0.989915993690298,0.998084006309702,0.994,0.995064952391665,0.903775,200
"B-good","E-Total Evidence",380,0.995,0.991132054159489,0.998867945840511,0.995,0.995122776578965,0.905025,200
"B-good","E-Total Evidence",385,0.9945,0.990286292051724,0.998713707948276,0.9945,0.995506068643562,0.906325,200
"B-good","E-Total Evidence",390,0.9955,0.991746671427002,0.999253328572998,0.9955,0.995653149964837,0.9074,200
"B-good","E-Total Evidence",395,0.996,0.992642345877546,0.999357654122454,0.996,0.995679923923651,0.90855,200
"B-good","E-Total Evidence",400,0.9955,0.992013307711372,0.998986692288628,0.9955,0.995957189085811,0.909625,200
"B-good","E-Total Evidence",405,0.9975,0.994573161789653,1,0.9975,0.995846188038739,0.910575,200
"B-good","E-Total Evidence",410,0.996,0.992109659946914,0.999890340053086,0.996,0.996301769371605,0.9116,200
"B-good","E-Total Evidence",415,0.9975,0.994923970177145,1,0.9975,0.996634825584553,0.91255,200
"B-good","E-Total Evidence",420,0.997,0.993622282891608,1,0.997,0.996489502451053,0.91335,200
"B-good","E-Total Evidence",425,0.9965,0.992726154274776,1,0.9965,0.996925862764744,0.914175,200
"B-good","E-Total Evidence",430,0.9985,0.996811141445804,1,0.9985,0.99726248724382,0.914775,200
"B-good","E-Total Evidence",435,0.997,0.993622282891608,1,0.997,0.997543515019582,0.915375,200
"B-good","E-Total Evidence",440,0.997,0.993921279388607,1,0.997,0.997710034097634,0.916,200
"B-good","E-Total Evidence",445,0.9985,0.996313062534642,1,0.9985,0.998359745720788,0.916475,200
"B-good","E-Total Evidence",450,0.9985,0.996313062534642,1,0.9985,0.998513959056642,0.9168,200
"B-good","E-Total Evidence",455,0.9995,0.99852,1,0.9995,0.998918419852532,0.917125,200
"B-good","E-Total Evidence",460,0.999,0.997617557328967,1,0.999,0.999200070717917,0.917375,200
"B-good","E-Total Evidence",465,1,1,1,1,0.999184046184177,0.91755,200
"B-good","E-Total Evidence",470,0.9985,0.996811141445804,1,0.9985,0.999131600725696,0.91785,200
"B-good","E-Total Evidence",475,1,1,1,1,0.99951923240132,0.917975,200
"B-good","E-Total Evidence",480,1,1,1,1,0.999723177754403,0.918025,200
"B-good","E-Total Evidence",485,1,1,1,1,0.999607051730574,0.918125,200
"B-good","E-Total Evidence",490,1,1,1,1,0.999536332583408,0.91825,200
"B-good","E-Total Evidence",495,0.9995,0.99852,1,0.9995,0.999657488592778,0.918375,200
"B-good","E-Total Evidence",500,0.9995,0.99852,1,0.9995,0.999632770399791,0.918475,200
